Pearson_r,Pearson_p,Spearman_r,Spearman_p
0.3569011501242393,0.0,0.1969858071969938,8.364130655875185e-213
